Name,FirstName,LastName,email,NUID,Section,SectionName,Role
"Akhtar,  Aden", Aden,Akhtar,Akhtar.Ad@northeastern.edu,008675309S,FINA4512.17798.202610,FINA4512 17798 Financial Risk Management SEC 03 Fall 2025,StudentEnrollment
"Alessi,  Aidan", Aidan,Alessi,Alessi.Ai@northeastern.edu,008675310S,FINA4512.17798.202610,FINA4512 17798 Financial Risk Management SEC 03 Fall 2025,StudentEnrollment
"Bravo,  Ainsley", Ainsley,Bravo,Bravo.Ai@northeastern.edu,008675311S,FINA4512.17798.202610,FINA4512 17798 Financial Risk Management SEC 03 Fall 2025,StudentEnrollment
"Chiu,  Andrew", Andrew,Chiu,Chiu.An@northeastern.edu,008675312S,FINA4512.17798.202610,FINA4512 17798 Financial Risk Management SEC 03 Fall 2025,StudentEnrollment
"Coyne,  Ansh", Ansh,Coyne,Coyne.An@northeastern.edu,008675313S,FINA4512.17798.202610,FINA4512 17798 Financial Risk Management SEC 03 Fall 2025,StudentEnrollment
"Damania,  Aryan", Aryan,Damania,Damania.Ar@northeastern.edu,008675314S,FINA4512.17798.202610,FINA4512 17798 Financial Risk Management SEC 03 Fall 2025,StudentEnrollment
"Dubanowitz,  Brian", Brian,Dubanowitz,Dubanowitz.Br@northeastern.edu,008675315S,FINA4512.17798.202610,FINA4512 17798 Financial Risk Management SEC 03 Fall 2025,StudentEnrollment
"Gianni,  Cameron", Cameron,Gianni,Gianni.Ca@northeastern.edu,008675316S,FINA4512.17798.202610,FINA4512 17798 Financial Risk Management SEC 03 Fall 2025,StudentEnrollment
"Glassman,  Chloe", Chloe,Glassman,Glassman.Ch@northeastern.edu,008675317S,FINA4512.17798.202610,FINA4512 17798 Financial Risk Management SEC 03 Fall 2025,StudentEnrollment
"Harris,  Emma", Emma,Harris,Harris.Em@northeastern.edu,008675318S,FINA4512.17798.202610,FINA4512 17798 Financial Risk Management SEC 03 Fall 2025,StudentEnrollment
"Huang,  Erika", Erika,Huang,Huang.Er@northeastern.edu,008675319S,FINA4512.17798.202610,FINA4512 17798 Financial Risk Management SEC 03 Fall 2025,StudentEnrollment
"Kalotay-Nemec,  Gabriel", Gabriel,Kalotay-Nemec,Kalotay-Nemec.Ga@northeastern.edu,008675320S,FINA4512.17798.202610,FINA4512 17798 Financial Risk Management SEC 03 Fall 2025,StudentEnrollment
"Kearke,  Gabriela", Gabriela,Kearke,Kearke.Ga@northeastern.edu,008675321S,FINA4512.17798.202610,FINA4512 17798 Financial Risk Management SEC 03 Fall 2025,StudentEnrollment
"Levesque,  George", George,Levesque,Levesque.Ge@northeastern.edu,008675322S,FINA4512.17798.202610,FINA4512 17798 Financial Risk Management SEC 03 Fall 2025,StudentEnrollment
"Lin,  Guthrie", Guthrie,Lin,Lin.Gu@northeastern.edu,008675323S,FINA4512.17798.202610,FINA4512 17798 Financial Risk Management SEC 03 Fall 2025,StudentEnrollment
"Macgillivray,  Isaac", Isaac,Macgillivray,Macgillivray.Is@northeastern.edu,008675324S,FINA4512.17798.202610,FINA4512 17798 Financial Risk Management SEC 03 Fall 2025,StudentEnrollment
"Malvesta Morelli,  Jack", Jack,Malvesta Morelli,Malvesta Morelli.Ja@northeastern.edu,008675325S,FINA4512.17798.202610,FINA4512 17798 Financial Risk Management SEC 03 Fall 2025,StudentEnrollment
"Mccallion,  Jaden", Jaden,Mccallion,Mccallion.Ja@northeastern.edu,008675326S,FINA4512.17798.202610,FINA4512 17798 Financial Risk Management SEC 03 Fall 2025,StudentEnrollment
"Meyer,  Jessica", Jessica,Meyer,Meyer.Je@northeastern.edu,008675327S,FINA4512.17798.202610,FINA4512 17798 Financial Risk Management SEC 03 Fall 2025,StudentEnrollment
"Minasian,  Joshua", Joshua,Minasian,Minasian.Jo@northeastern.edu,008675328S,FINA4512.17798.202610,FINA4512 17798 Financial Risk Management SEC 03 Fall 2025,StudentEnrollment
"Morali,  Kieran", Kieran,Morali,Morali.Ki@northeastern.edu,008675329S,FINA4512.17798.202610,FINA4512 17798 Financial Risk Management SEC 03 Fall 2025,StudentEnrollment
"Nanas,  Luiz Roberto Andrade", Luiz Roberto Andrade,Nanas,Nanas.Lu@northeastern.edu,008675330S,FINA4512.17798.202610,FINA4512 17798 Financial Risk Management SEC 03 Fall 2025,StudentEnrollment
"Neaderland,  Muhammad", Muhammad,Neaderland,Neaderland.Mu@northeastern.edu,008675331S,FINA4512.17798.202610,FINA4512 17798 Financial Risk Management SEC 03 Fall 2025,StudentEnrollment
"Rackey,  Nathaniel", Nathaniel,Rackey,Rackey.Na@northeastern.edu,008675332S,FINA4512.17798.202610,FINA4512 17798 Financial Risk Management SEC 03 Fall 2025,StudentEnrollment
"Schwartz,  Nicholas", Nicholas,Schwartz,Schwartz.Ni@northeastern.edu,008675333S,FINA4512.17798.202610,FINA4512 17798 Financial Risk Management SEC 03 Fall 2025,StudentEnrollment
"Sharma,  Nithin", Nithin,Sharma,Sharma.Ni@northeastern.edu,008675334S,FINA4512.17798.202610,FINA4512 17798 Financial Risk Management SEC 03 Fall 2025,StudentEnrollment
"Shin,  Noam", Noam,Shin,Shin.No@northeastern.edu,008675335S,FINA4512.17798.202610,FINA4512 17798 Financial Risk Management SEC 03 Fall 2025,StudentEnrollment
"Sohn,  Robert", Robert,Sohn,Sohn.Ro@northeastern.edu,008675336S,FINA4512.17798.202610,FINA4512 17798 Financial Risk Management SEC 03 Fall 2025,StudentEnrollment
"Student,  Romain", Romain,Student,Student.Ro@northeastern.edu,008675337S,FINA4512.17798.202610,FINA4512 17798 Financial Risk Management SEC 03 Fall 2025,StudentEnrollment
"Thakrar,  Roman", Roman,Thakrar,Thakrar.Ro@northeastern.edu,008675338S,FINA4512.17798.202610,FINA4512 17798 Financial Risk Management SEC 03 Fall 2025,StudentEnrollment
"Vasconcelos,  Rushil", Rushil,Vasconcelos,Vasconcelos.Ru@northeastern.edu,008675339S,FINA4512.17798.202610,FINA4512 17798 Financial Risk Management SEC 03 Fall 2025,StudentEnrollment
"Weinstein,  Taylor", Taylor,Weinstein,Weinstein.Ta@northeastern.edu,008675340S,FINA4512.17798.202610,FINA4512 17798 Financial Risk Management SEC 03 Fall 2025,StudentEnrollment
"Whitman,  Test", Test,Whitman,Whitman.Te@northeastern.edu,008675341S,FINA4512.17798.202610,FINA4512 17798 Financial Risk Management SEC 03 Fall 2025,StudentEnrollment
